Hours_Studied,Previous_Exam_Score,Attendance,Exam_Score
11.490142459033699,90.99033154879004,78.24821725025619,39.152776354818144
9.585207096486446,83.86950524369153,83.55481329284483,42.36249272602214
11.943065614302078,70.89445554880261,77.07580079000039,40.58700196268368
14.569089569224076,60.295948334416394,81.9203847036096,51.19584451235983
9.297539875829992,80.47334970420386,66.06385333046214,44.786311137937375
9.297589129152458,75.90228078132624,87.13293707372938,38.16865836822052
14.737638446522174,83.42789830041599,85.01205475362224,51.829781111198514
12.302304187458727,79.52757702522955,76.82911368931809,37.63872799447002
8.591576842195144,85.74329072979003,91.59245668432405,53.75072224633476
11.627680130757895,61.97147182659148,94.37570137626558,40.92479862952012
8.609746921562614,89.76091098451488,68.92440135631026,44.549846083701965
8.602810739289229,72.963994070386,77.37275221433785,48.29413727133893
10.725886814698102,100.0,77.30857650212701,44.38884086485321
4.260159266026607,59.66218272865648,75.60096898891135,28.163337323827562
4.825246502460901,96.03945704747875,93.29474841931749,46.96541341760754
8.313137412277083,72.96866175193972,83.06173861227197,47.85140920927144
6.961506638996728,60.22872994578327,82.35485158689389,30.423612243227915
10.942741997785822,62.741712489185176,64.96137635593246,23.12538202628211
7.275927773436367,65.1947903770852,91.35418030209226,39.211442768217196
5.763088895994126,76.36248919602875,72.60741605146528,43.070478416653344
14.396946306764661,77.8425323205325,85.59932630266329,53.67240685876888
9.322671098540393,61.394499940921314,87.77376937958192,38.318632597035986
10.202584614063772,69.63468111608526,98.60658595838652,43.655880797954765
5.725755441359629,100.0,71.91179600880888,53.014740593720326
8.366851826424451,95.91314755151066,54.80487844179174,34.56963736854667
10.332767769129598,76.54485504511048,86.83849544753694,43.55493561169028
6.547019267733091,70.570052172523,100.0,45.39664473524873
11.127094055037016,71.80046990077392,97.38946352939438,48.827674310054725
8.198083930243586,79.20276959095625,87.09659415274626,42.730158207003505
9.12491875062017,54.658111522023916,80.08363814367952,37.148825519182374
8.19488016331181,66.13935193864982,93.0712259663731,30.111854089460522
15.556834553526812,44.97123889183616,75.26453800295532,33.031454483236075
9.959508325786198,75.98834683907918,89.7635776935622,47.99651731610163
6.826867213132299,79.70793909554112,90.05470159166627,40.42528548228834
12.467634736309567,62.75220306550939,95.6020990749888,44.474819210753346
6.337469050086933,93.6098014493505,100.0,53.486037463862104
10.626590785014265,51.61351505496488,88.92415967178766,36.869435839065304
4.1209896283606735,48.0343767968527,79.91036374292501,33.305199456804004
6.015441853304709,73.36677727839958,84.74425687808005,37.15294265936517
10.59058370760737,85.70647453918232,67.30924095110882,43.436026007299915
12.215399739986232,95.25891537186803,78.05286868910942,53.347029067321515
10.514104843569912,63.1167360569659,80.90717561886896,41.15837316749069
9.653055152835279,86.18021250146944,79.75911602065408,43.69975818316961
9.096688913232134,69.42237295748939,86.52354872033722,43.8008481093843
5.564434028897718,67.41059050088771,76.775800676178,41.93360325313386
7.840467374815875,83.25489906230008,96.21030667324472,37.88905834785952
8.618083687120638,79.78484317620129,85.00207064918197,51.040279251036594
13.171366678656748,46.35411764523626,84.90699678861385,35.79204429721666
11.030854868705385,92.14810524588844,81.72105283487082,51.63151924129455
4.710879533911799,90.70137031221176,86.55190683858979,52.86246684656353
10.972251908184385,60.61655947735706,93.25098264667635,35.46292184048225
8.84475315875105,75.93705300156114,76.32869784289099,38.922027036284334
7.969233999082124,77.41045279424108,78.41883510924744,41.44877638028435
11.835028866522604,73.9101064873586,81.96273971223336,40.564326716293415
13.092998567487854,61.7454226923187,71.54129076526785,48.053067123677145
12.793840357348596,59.92564948092922,76.80742140278502,35.45223883437611
7.4823474303320845,69.61668893512832,80.23779126455341,37.89600475118089
9.072362872446357,87.59093528889048,93.74389180712727,50.58418554233066
10.993790294210692,78.15400231891648,87.62561329001925,40.45747087040369
12.926635381367078,64.44078501870841,86.93589911367545,41.20432946024983
8.56247728646413,81.57548065972517,93.50897962167971,49.04294507173643
9.443023070008548,27.27186069054887,83.62628211600604,27.96402414345759
6.680995077981915,87.23148550558156,88.9046484992889,46.82393859602346
6.411380127757988,43.904293318328506,83.96778247067503,30.523873991270698
12.437577467182594,64.56338587895301,87.65362349399628,35.54617765017262
14.068720085712469,53.20495158060784,79.17241342388418,40.43829425851161
9.783969635258998,50.57977786418641,60.611828417235714,40.96294921856877
13.010598693676073,87.41240181067779,83.65720837813696,49.55246971958596
11.084908075142902,62.98448198032163,99.2274813609994,45.409615490105566
8.064640736184627,75.19755822596073,94.26215402241593,48.90763241594802
11.084186816525241,69.29619131681224,94.6539748459117,38.915093289755134
14.614109699397908,77.15561240834683,97.36130721806218,58.43857330646347
9.892521882670145,71.15232836590383,85.88657590961438,44.4809186151431
14.693930967442018,50.755116637171454,86.97315707405596,48.12741638512918
2.1407646877307673,84.94400229170711,78.8234810456565,38.65311426288887
12.465707513125672,62.593651252580315,81.8392714397295,50.46911303307195
10.261141204714514,46.651271520103734,91.15771149771142,41.23327182810458
9.102977948602398,63.578272585511314,97.03884437168816,45.797940053554015
10.275282329606506,92.51139685951466,83.60553724319,50.78228994306139
4.037293256197321,82.7533261317024,80.49810735148588,41.7016228475343
9.340984336487464,64.7702179838821,85.00527958856597,47.10527177349092
11.07133771453524,64.76113443522357,91.01206748929116,43.868222034933154
14.433682134224547,65.17547423173926,70.56145183866458,31.0464251864312
8.445189345179058,100.0,62.03819046862762,41.04430045778004
7.574519191320437,75.7290317834733,79.49463150508416,41.4756666707553
8.49472886924639,76.45062470786604,72.79287574085842,43.29112191098247
12.746206353106222,85.45425181047763,79.9185980235269,47.7101558799023
10.986253328979053,73.5818373853977,83.52219681182528,50.36697119144221
8.410719388698883,66.11436781268945,80.46751590976987,30.377663899917128
11.539802299340067,67.05475226372532,99.52467534470745,46.50920158025492
10.29123264804412,68.92598110878905,88.2674476460232,34.387004058927644
12.905934971598668,69.44166645235238,88.00474359610828,48.68497761814755
7.893840718367943,80.9144431545547,91.22207144043402,45.99337402142717
9.017013560206696,70.77918828710949,73.61166882219231,42.56264689079524
8.823675540603528,80.98960115823368,95.39111787420269,43.467526889663574
5.609455155603644,68.78925129837127,84.2423571346454,46.68729905253104
10.888360831193728,71.17952785474137,91.70480617241212,50.34762332679596
10.783165816539668,40.026989732018386,74.28142766959844,35.173686876854475
10.015340369927383,83.74491512053723,69.46241233983936,43.37604095477553
9.29623859987456,75.19732713846989,93.17889658025028,48.74238318400396
5.753887773848757,84.97015164789478,88.76409526097517,42.5863455935511
8.738064031703923,26.556169327094658,75.9794844564249,31.809558000368902
8.971856450419692,100.0,76.30336918725305,57.99400653428006
7.593168192335144,67.9061555776724,96.2543478441477,48.77235313819476
9.516142865001973,86.62274225106275,73.10588107132672,41.71805797304811
11.212152570443616,54.401411093117034,100.0,43.733586199522435
15.65855770363159,79.19160857593855,75.99379265352131,40.319812236508376
10.523733438495517,54.198766552395156,91.38391925608383,42.66023209206145
10.772651172168294,60.64346558956292,81.71381524251015,42.17514537576775
9.776662252701499,98.71047030800179,91.03187431082343,43.358765383255154
4.243686354102875,67.1397639885498,79.55885997885807,32.36662514982618
9.92045837365235,73.26149309769585,83.37207093927705,42.19739682027151
10.18069062982308,83.05101596033131,85.40919175395722,45.58318971809825
17.38972633745586,77.43522831958907,74.97812544218527,40.87367207594768
9.422917105656632,72.25628357715365,92.40824345420125,46.81488596357558
10.904642027000838,75.47441503699338,79.86786433528415,45.325586436357824
9.89586469088427,100.0,82.71400084659982,50.5193868548695
6.493965887141404,69.13571804449622,75.05650625391488,35.22004210691073
13.42846844354506,73.01648570072452,59.376663412046895,45.73804824648208
12.255799098060322,85.75981594011418,83.08972237399831,56.750824371305555
12.37309584112914,86.58288899436975,100.0,49.74360719964281
7.271837635615784,87.8054545834057,92.84604287898024,45.48592918285155
14.208382932808298,79.58095333043777,84.80739620265605,50.39599503312667
5.794446811623157,52.854926309042746,82.37109170791733,33.43777274137294
11.76057128140081,94.50147298451644,85.22465892812046,50.57867331836326
16.571366877429938,52.804819104719684,90.4711911517521,45.91963315910465
7.028391024607934,74.5395319785855,73.19187184691155,30.967649037725465
8.301106811191683,58.68586224970963,96.14321694668872,47.57646709410982
10.298954095262923,69.0379248011051,92.15381315441245,44.655019740492186
8.489573037651402,74.9314361545522,92.18185725707934,43.10312309379633
5.3480097068016015,74.8203582317541,89.38475738809727,42.55089302943924
10.205688924418082,76.32881131352927,85.1961665769399,44.852867946758394
6.813088858821685,94.20566903587971,91.7286123596682,41.35796109488377
11.420777291905544,76.8030145227097,90.91814133741379,54.409612407514615
7.24172729729859,66.33765047064027,81.45959289058976,40.02070552931242
14.649803215052618,84.46130752432536,79.26398227103098,50.731100971267
7.650240122991288,87.8420573338696,86.01856295261987,52.13919870505071
9.033815451382972,51.58588277294511,100.0,34.88686026977352
12.44055165210901,78.96100104774787,72.60892924346099,46.797721484247205
6.307407050698134,80.51759113466348,70.3247473424756,40.03572487974926
10.682379803812388,65.53654744960012,86.64760841236517,46.56552969534174
13.921428262847284,90.6356021996743,85.50887701856018,40.61703309328049
5.177550296316317,67.7491661945121,86.73341664370409,39.76473683404627
10.553901575596912,71.88364680207313,87.439531979085,41.31584794531759
10.77964838274527,67.40392263574195,82.76797745365195,44.325911225996386
12.345468615331932,70.23368571372201,99.89863438602082,49.57278783582775
6.289147867365754,53.55587369657197,68.99096021523485,29.47139861159131
6.0386301607471715,48.39923676108559,76.71502975219754,29.32122273825855
11.565824696850694,93.91757594837458,83.96745239850952,50.198348769852984
10.890954019699558,57.29557977522508,68.56811188845833,31.86456218353293
10.75147855103763,55.129114758155396,83.24145595567929,42.77268337136193
11.039344628490927,37.699148295944276,100.0,34.98338080079152
7.959925835264528,60.41557378465747,85.20886488295962,24.61146693301322
10.69676109148301,50.153653098887524,87.30700905718683,35.98176800373609
10.879217419896044,94.63022740204553,72.3983523482742,43.115628295996665
7.856945745920896,85.1472563401395,78.83638591960522,37.08354788161862
15.59732353343427,59.67774482233414,81.24803619676064,35.76445926165664
11.421498762735363,100.0,81.82284903243766,52.62236154702006
6.426089508392054,84.72648230487391,97.81643795003768,54.83748117690689
11.969660825901489,65.12752924737066,90.57691060725125,45.2043936779371
7.075954989318036,32.508914276896405,73.88542043062968,25.03521892277518
12.361253811227357,100.0,87.46504778432005,55.9531574383312
13.475786737022212,49.15641299854606,89.98221748496785,37.18580921397354
7.537953044944869,45.31901879564663,96.40149038521267,33.171978392393235
12.890128387732965,85.3385564801446,100.0,46.27481779674494
11.238342780809495,100.0,74.84905808172131,41.82983897299041
12.46618047998347,90.76409227765777,76.89142488789662,46.890984368071166
15.690378947961843,78.4586368007854,72.42422141085383,46.65789224598797
9.26383565199139,78.92131512497929,82.65980140893019,44.35715429520107
7.738791506927531,82.80123338170462,89.66358374446335,44.56264787713103
7.33145671112343,81.38392884680148,94.87334516589102,42.32684573929645
7.552569145103686,74.21787135954064,84.24048976357477,45.930974891553824
9.768694871757688,71.56301655927814,81.80152476745155,36.127897757419674
11.023455924449932,69.06110308150717,86.5175799224874,47.41371444039197
10.830072397990056,58.690531166999854,76.64857098369977,33.340824651201316
12.481549747108073,65.78987384699839,100.0,42.21556084088838
10.039005675633721,44.605647787069216,68.92338972881942,24.851949166623122
14.360602231471951,68.52490559807875,86.84740578895725,42.60024321852287
9.206029500286132,55.17113339273624,100.0,46.03091706035383
18.160507499768855,53.44616024176344,85.06799844559998,44.705841953753236
11.877002043295018,72.69841226730217,83.09960964998506,49.26005719197535
7.428527330751153,90.880034295169,81.42554577189573,49.8740958379751
6.787322505816663,83.7747490900347,83.19608318237592,39.64695347374207
11.447417245729556,46.442490945652345,98.7284847467653,37.748206734275755
9.329611644022448,55.15557795144494,62.88138088670493,29.886759739198382
12.142001482276276,84.11156781982324,100.0,57.9573456072803
11.419712873720634,55.26268909692536,70.76042847549854,30.456805628906075
9.781513262029382,66.63050275004463,82.33347670765585,45.815091244504806
7.459618845794785,78.25078148536828,80.70755579701338,47.8113243784544
5.455458325942406,55.47483317704547,90.88553269770719,46.69538666420672
8.660455143798936,71.5806325921894,69.01875648116253,37.55973568264131
12.569196382970418,49.989617576226934,89.62172666081943,42.767439594417986
10.642281232390612,60.9794853407318,100.0,55.02324540110905
6.262783663864036,74.79672901213806,71.3682599540719,36.75585414171933
10.519542777553546,46.105093997024966,86.89706167610396,28.795510685443258
11.15595213918651,76.60712106940599,78.3801782220339,34.83609786528302
7.348427691396601,69.70543301609978,89.25887206193036,46.00117830722096
10.461175317836584,78.28734931625722,85.19147777415752,36.33933696833404
10.174626155338,73.35871201096992,78.58513090955691,40.95035759818175
6.571089106508131,90.46210644960766,89.87872284871074,50.58648699307332
11.07336208104485,71.87836753971861,100.0,48.026068986587575
11.682353579104703,63.558916883121206,83.09096208272702,43.654268591954974
13.249153729525831,71.83446254548426,92.19757942148182,47.725880791708825
13.161406156104709,78.14947043554582,72.06727042128836,50.833327359540746
5.866991896128727,70.73290105488556,75.43563623181991,34.478911607200025
7.186524880254632,70.60887536805824,89.72406277880377,39.335761914012885
11.54510580162598,59.47012468289867,99.84116028535965,39.7185251364004
11.541357852736626,60.05648623673578,88.5561334878566,45.649810554273415
11.545143058918143,48.96092092300459,81.86941969476845,41.33672468728946
20.0,96.24365114780409,84.99291405423354,58.127804751780474
11.7126715320795,51.34205146913072,72.49592266030282,41.67560407328917
13.406696920541798,59.60642203306139,91.04515326355367,36.90410138601815
12.862005290479607,59.22389101646204,93.82333062323409,51.29895663258092
11.954173753917393,83.42386565416662,80.4790966716692,54.71625901610381
9.054192266078964,65.57575482561958,80.29957852240499,43.93784827143509
12.276907661479802,88.716131090106,87.65878229652049,59.1940441609311
7.681524356387285,59.897640636341976,80.63280263959405,29.65349885862618
9.289544179779973,74.18491243335703,84.33867385374178,41.14573990933219
8.543909356512689,57.46979420110364,100.0,37.836375635177674
10.245622418158968,100.0,82.52974299254004,55.236156426374215
16.943975700020527,52.18602371455731,81.41659847978778,35.16041096232429
4.398204422224756,74.64731065340541,78.52458194364841,44.08568754255111
12.05878057112354,79.50665321398148,92.44191971499937,55.22245091273966
5.161852386431045,76.20698646177247,83.18775826781896,45.55658828573106
8.5842044026317,67.22068511683437,78.50626961678574,41.57831677803082
13.266851790902098,68.05268950399861,98.21304032273012,41.75247410669291
10.192840057286388,70.65717207968665,99.19603004513637,41.89852283094964
6.766765666212081,67.79496997557267,78.99576434261294,45.76912122078377
7.854088872220095,84.45818675192365,66.33460048639384,46.428165578492575
12.038793246804028,100.0,95.07513689836922,54.83932640618814
7.80890010484859,61.637623224882496,78.15370174239996,35.936929639539585
10.649375768745925,49.45295530631383,92.90625599162769,28.612786309035762
10.13671551971144,68.67576927473118,65.29896182288164,33.376618813429204
8.04519895718255,100.0,93.92597338299309,62.36488959088851
16.431832267975977,57.944881480454036,72.8882807071922,33.7747588645503
11.901757066954033,94.58675208166102,92.30764119066525,53.73583150221378
3.924572240027178,95.1655122111466,85.14273067836434,52.57770578500643
10.559362944308283,61.69617637438008,75.46060580603356,32.606042205663414
8.014640605694836,78.53474618777913,80.9296368707322,44.677223907233014
12.557300004388672,94.42594934692806,91.86318456956701,57.66864940773944
7.622437784701898,64.3130838851877,86.05894453115235,40.379429573673974
9.655790675599302,66.94629459846458,90.84412980472484,57.42262495661783
11.51496183694137,61.274786290770344,100.0,35.79692051131081
12.597265582510364,54.778649039607,69.35758388288949,41.897386929134576
6.3991107788326715,60.26083682400989,100.0,40.41379774963698
8.996496292477154,51.64089599856615,86.04355937523214,41.05882959503823
8.575164066517132,70.51125202388839,76.01215951676872,42.849925302275054
8.040012302278864,58.450401534120374,71.6968637426101,32.22871837434758
15.296362720843291,73.50678867686122,83.10879609222967,47.46695914422265
11.214945132882868,46.66156530694559,94.2165011192446,29.159735125382596
6.217348136994865,74.96320348321686,83.72450879622465,45.35877437556439
12.753585841164329,82.50293442413387,100.0,52.618465577774955
16.3664685910379,40.09396536142817,70.48824309948441,37.50237336705979
13.09739578165344,75.61084854771359,84.87911052153946,51.49836618488444
5.441890102137959,88.41503488709938,72.47606555586881,45.57876782942112
8.547297781401246,51.855384719631914,88.63631882624968,38.29797517083152
13.800733447559868,95.08858580256555,93.868873900973,49.79537556143774
7.876991603143658,76.28528514049067,80.79238206318946,39.42145393811167
11.331458284438686,59.424822163623865,58.95786143372866,41.21842117893889
12.32390216028801,69.16346383513441,86.98948146796495,51.4905635528072
7.219208585265751,78.37490368782584,89.3673855173351,43.80500032088738
9.8214239318146,71.14008087118617,89.04294754961698,44.29133947345292
0.2761979797927818,78.08133988669553,97.35782191822155,38.51099346458053
6.92683707599713,56.1898961038095,74.28946320350951,41.04206423618054
9.24229554582052,72.54041236054117,91.8021610545045,48.0707878104324
6.2566504541054515,48.79428254642529,96.92507512477975,46.85771219825501
14.897233911794906,68.33160907976949,67.21412415993484,36.999309125916575
5.709575866118102,56.44138537802815,88.19651825918977,35.53646770321436
8.67986653990905,58.9670508611535,79.95820168992329,39.17891847891309
10.392221731858275,88.54139762815656,84.18477326898355,51.827932496801665
14.323819867198345,86.36965180891403,88.47676483538336,49.68982025561189
5.692413546461681,79.13707181360766,80.12771435886448,38.24806573681754
13.489491256464879,53.61530852991132,78.24291920838388,42.88495967350047
10.030699183058761,65.25387325457797,85.34152417488025,45.265493215606725
7.055474046856148,88.19646549968775,74.12754061137197,40.23081429279017
11.386310422789812,72.12575370459857,74.14174871114815,48.93644507053158
10.59717908672041,100.0,91.79373282956503,59.50832965525623
8.199349368523617,75.89976759091557,73.51205964841344,42.243499377458136
10.209406254970057,72.88073674735047,91.66312500909211,45.69953846538877
8.84405920941472,65.36325303696248,89.6259129285395,44.72647695708354
10.340552035753744,72.00311357173423,67.74193271209404,36.011081280534654
11.98639202356314,67.71295245429184,78.22435347664344,42.102109839218215
14.758050448436055,80.62163015032885,96.94109403047372,40.19181535236554
6.286553503519453,84.35053475191876,75.18834468860318,47.868384342570664
16.3991001239688,58.21015809238076,80.35595737690612,33.926322852870555
4.143736601432495,50.03150569663333,89.62060893251896,42.52254093835503
9.54464471489325,42.456919403450556,92.83390509282596,34.425578727214734
11.76495161945373,77.61986990368815,82.48461113955504,44.607024099088434
10.842975603205097,53.449500907391894,79.02489805308359,34.12264815401431
8.131901440538218,37.706641105712755,99.22369861698508,33.78248840576957
9.375633248928175,75.82867906796446,100.0,54.52907707059361
8.520997196023501,100.0,94.78858050781795,40.77917141689994
8.231905729167366,69.9089363269016,85.85318142565023,48.64409697822515
12.548806291063073,82.57736161677462,76.91734278359074,48.121197592790615
11.071046457895141,71.22744037821347,76.69555593443435,36.20775829001241
7.921271214218038,68.51665520213287,90.22514105265758,37.18409841303421
12.698799626299753,83.78614724481653,89.18398220888683,57.70400556441322
10.921898562629828,65.64588183717024,99.01598592946429,40.23037661864519
12.43858635651688,74.01088471107855,91.50450092536138,40.95670622367449
11.888886525770836,74.8254670929402,69.96919698240183,48.072495499071486
7.513014967233783,59.978643195354266,95.51947617722918,42.546760059098574
8.319456879409092,84.88063524304785,75.01939372685587,39.93816987530808
12.241880815369786,67.37560364956887,81.16028728047648,43.648803835673945
11.831110796300395,58.66382260760733,87.50200206251695,35.8863391747344
9.937295218107556,78.04764765355606,100.0,53.88704889723362
10.351982149926346,56.52298027313444,100.0,47.43973998126917
13.832994687365275,70.42271736053692,91.06723059136183,48.9167896642258
8.22528583349251,69.86321505033695,83.16803381279612,43.51351950064165
11.641292143510114,86.28843348747367,90.3450564848055,58.58212803929513
9.393422042698317,77.12047349319928,93.87655425873837,46.60659555799774
9.34695639031834,69.62459561882284,81.79332374442808,36.010151002587634
13.296330555961571,82.26649448800431,100.0,53.575483188543615
12.476249046964089,90.8531132352597,87.30070759191402,61.38443526012833
12.440528908001916,78.36715459527794,89.97743089091394,42.65209954483787
13.916436421462986,70.15528929765071,91.65924252054461,44.5293396706657
10.063011524898277,50.32245651474761,89.21586610614456,40.05364612860959
12.045858913884892,54.02329505386941,93.38940500469613,40.638274729013794
9.069199730219632,65.42162943467999,78.82746813453076,35.01506442053339
10.972499057465326,60.85731696761076,79.4169824605397,45.23613039227619
9.609570836896946,67.19543045521831,73.99845767028305,51.36330969915687
10.290987894978155,70.8497488734566,89.39501230620226,45.260078365886045
11.78547107631074,77.94539131535096,92.78936503512114,43.313884491104886
7.545337950299583,68.94251832911362,89.57772866151886,34.626167580920274
16.277161827056382,77.29752465739303,100.0,52.617718216852005
6.981947855500894,70.9671162221518,84.94403981170953,47.28930347331918
6.357434161636803,40.36800150469193,91.68741655592513,36.00243957588791
13.474332620500203,55.90996909271868,74.08299123860685,38.31473608119281
12.374988081888809,67.83868666417577,81.12900297525599,39.8185423763018
11.872359451156466,51.85457885738339,91.95537757565778,34.42281073433436
11.88503652779284,78.99893094994307,93.49102110743144,52.514158401990045
9.963259681459256,92.96126248515546,82.06033052335818,53.85093279787582
7.308236885542506,88.28142777545975,84.28400748141934,39.26669933823938
10.227413674581179,66.79835693604689,69.82126253319191,47.066661315646456
7.968514865463665,92.36089205274928,81.42970799193391,50.84882275141341
12.925359200253254,72.23001185803167,93.90383163519786,53.91042271030467
9.558827855493584,64.94371043322941,90.75205016106567,35.702298347503174
7.523508409622465,60.7989600468859,90.00665721381209,33.17365288456223
9.03584247504102,65.46295470267808,85.49773687180961,40.51150847384937
11.238794362826873,64.17734772188157,85.07063158628176,44.40064994971023
8.308826341588077,72.55624333563232,78.39678860526553,50.582448007171664
7.5333388133007055,72.40860971574797,91.98828420202534,47.41730373085547
10.731061634475736,70.04569030230121,89.20972944389389,43.007777412646846
10.734899713326168,76.55407254619524,89.92018847992799,41.18586327817779
8.479170473886612,87.85969412179512,79.7396515733242,52.69542665174243
8.586885083145031,84.24331203161985,63.46657080128756,37.43622318256241
10.696149812072909,47.726530473251444,95.97152711753695,47.00268224538089
5.655746975508028,31.691182976470678,80.21162543991596,26.955630220645865
5.777608676870335,84.01479866858911,76.37224235956879,51.32060277401491
7.844667336242692,49.49681952376868,91.93478911913994,40.552993799376324
9.359658544864459,66.62851897160975,81.07987360080871,40.19938223686461
10.932722696794015,52.448304609109606,95.59936384046622,37.72374364009249
14.426068650848656,42.970293436299706,91.17005949576698,36.63359486873724
12.572978869606057,78.12194092307182,91.83569323200477,50.23179382000172
9.520184410109719,81.3873274045397,71.34044288799466,43.830161485104284
9.942951376291933,61.35234398909921,97.11943985386401,39.83200981530501
6.9924119060865735,31.134365617826354,87.61250531233856,29.53085964927074
9.94446059202283,61.806333276212754,81.30722860753797,40.16846114897859
9.134024083239584,75.8770600810382,86.43388467342251,33.97323652854169
10.968155681014268,47.81632646838807,67.2376476710168,35.567345889170404
7.518307169343031,72.75039879668734,89.08652811480671,38.502972723055024
11.558039542723517,69.77035226240507,74.70628491817928,35.88472041769041
14.598216739007732,78.68937249401633,71.47329714156466,36.76385781046815
9.673719554629427,71.79370552621229,69.7764081378211,31.360790573403172
11.205135166296824,55.40396588677667,96.12688374989925,34.67189658359982
12.070431975133339,87.94857252496737,78.70736606307212,44.61615616951885
8.796338584342491,67.62205640459545,100.0,54.451081901182725
10.67227744543125,69.59043190735102,79.64198536947703,39.51226698934031
10.037777202345385,56.00098061390206,67.92642042407053,36.29321740149757
10.293028295646495,63.35076623212734,73.8347556005134,40.92110207009577
7.6809706484336004,56.727959289596484,97.35811620006939,40.98582228218887
10.073530522776828,67.40580910114866,83.44101822063332,41.55949433222971
11.49399487373635,95.67562720213516,79.51712703509399,44.376642186531306
14.353430823385125,49.421482856029655,86.60018225852788,46.577834461603096
12.87781247825562,45.79657903184888,90.01782736167544,47.217428639206986
16.45954737253467,92.06755491240412,96.1739881590246,46.671544321180065
7.697957311335852,66.86014484272201,99.48499229892926,38.683877613838476
12.616961910162034,59.963908920101254,81.40231354210914,39.179064627648195
10.550026017215055,85.59857031094114,71.73952313917962,40.47979975517484
16.56940879965302,60.91576690394704,80.86534838876725,45.262331916043394
7.575105143934546,97.39014570320404,87.60280506582886,46.883796284061184
7.480834473457672,80.16888807008904,75.3624107378939,53.68884614436734
8.201822063667933,62.68132887781446,75.42849085104957,43.9437508371062
3.6283128270705793,100.0,88.43787881549885,50.56460232979613
8.422734934957717,60.914276154949924,84.5134764842955,44.5232769274216
7.722602015338906,81.13143058013961,85.32796995411587,50.79582629432105
10.451181359428624,74.48938870609737,77.41504665299931,40.23567918185217
11.025267927331479,89.52611934098198,82.69599285794233,44.82858211483897
15.628512517647659,93.42266795090279,75.75766855731696,51.383305670406294
12.851271514558151,70.4800622359865,93.90198411124787,50.65823187281432
8.269289033012791,58.69873194480725,95.35249334723753,41.51006476266316
7.304755985954927,76.89958214408675,66.53812137761906,32.14489450077231
11.475757514519517,59.834269453718406,75.7048913980759,34.815015653236244
6.039300378938074,100.0,70.03470744909922,46.656727361316996
15.494376297563061,72.04802996624106,78.49976065593101,44.6832212482109
13.538320362163862,64.52017673031837,84.16562030209639,52.82104814454576
8.592473043685885,72.77020458797362,70.5035478030147,33.298067746842975
4.860596412727368,49.793105657054554,75.78140186874687,35.0524564864088
14.061617122496239,55.42578942234023,74.96042627918501,46.096196185428646
9.656380464242146,88.00620861916639,87.07267329398944,60.00183620378286
13.713448935920386,60.14658581542906,85.6934433703625,40.01740177074161
5.216717023616899,54.296335259770906,77.78262446662747,36.91093124666622
8.201874931138681,78.04979128790929,86.76820872139398,47.71831838221415
10.01573109915455,87.78556231994496,79.53319915412735,48.22758273415268
10.140941781294226,80.784299659976,82.28344889673947,45.26822456179128
8.64980358556227,84.94071528708724,100.0,51.98699332640754
11.868549797042496,58.64807367145809,98.40461051790348,30.548388677440947
6.797138711852217,48.67283999887235,72.00418763072402,35.81160633204577
9.572861544936119,92.5200047793323,93.29732417879174,51.83278656033593
10.360886895135696,65.15980241736797,93.11396554491591,42.23880279787009
11.543316502176246,66.23750475317429,73.51736711247382,50.580694078132964
12.13484463426667,89.92291212773587,93.1877764375486,48.30718114901106
6.6260737244863925,78.3434501410099,100.0,44.80069195922101
5.397657487793133,76.83831658122412,73.77455193755586,50.463000616798645
13.833030465695527,100.0,75.82497178985736,47.92120306656995
10.996942035938774,60.347226544297854,95.17661466843502,39.88738550026305
7.754540390330339,83.91760192121856,87.71495310825648,45.86041427602778
14.653455926567569,70.85519687345626,90.51476275239523,50.88991198644745
10.347023902878576,74.02888418294886,88.40589216400497,46.102368175891506
13.537891552191478,92.92702639618798,88.90695920928144,45.96531880104711
10.202555444230327,77.61753634434436,71.73527871688917,40.07275155316036
16.18224377464596,78.07444118574449,95.47317706621448,47.57131749022817
15.266022527329614,86.08761005964703,96.69589992427774,52.41236904029924
9.25310755456278,64.52570905685673,82.70609255931973,42.654703299351496
12.914712852863065,57.4118549899149,84.56523050186138,42.68498780321814
11.936127848755444,54.327862089684494,69.68892497444278,27.324148775929622
14.105894672597046,40.50465115935997,90.14254756017834,42.552557133946465
7.105229618259687,100.0,90.72057441714144,52.959573922541246
12.058154379995319,53.451874514174754,84.37808983000689,45.862917748220994
13.175273460548762,66.68119564621342,96.24353359870503,48.06169378033278
4.723781540730657,65.84780050166619,81.6592276902006,43.954691247584115
6.450224462002675,74.61110046713651,90.646059258936,46.07038078018013
3.882303466719698,82.23605818808946,74.80335661307885,48.303769293416195
9.191779496666326,82.90710232539618,84.76447849125762,49.03216932429244
12.152626767387886,61.25383842146592,83.25645742097164,40.61418016211353
14.507071156288085,67.49317429320382,87.25307922040942,56.31427731242148
10.222284341259325,74.2386992573245,81.30473071166641,48.08888370155975
14.885846636713875,66.26963310724679,83.68527404328333,46.929590164209706
5.859695625355326,94.1101836402999,93.26047171441506,43.43347516495896
4.889852681934536,77.36462427457377,80.63235762761782,35.33924706154527
9.833356903310143,81.02316679074727,68.93422899261321,44.47405169811116
11.152196346817922,79.94321903001119,100.0,50.28666987125352
9.90191575571772,87.60210786227987,98.81454078690487,47.92388556888222
3.79767369988037,72.7153233805556,72.07737304894381,38.83382197195593
9.732639881461635,50.5475207806623,91.89707805245195,46.353126425637875
6.08659149848544,75.99531927628962,79.97025229448657,45.31295436377842
12.009017646490115,60.22964659312257,87.6348721533106,35.89533468308026
11.099794738290544,62.07074977375365,87.94224129013493,41.20202642358363
7.180360641017934,78.7954602813264,82.65592199683678,39.73517040001144
8.45839924798992,88.57424607150453,77.16234334413603,44.295442532230716
6.822359434333145,70.31907365104092,78.0945894768374,38.05774137969812
9.811962708180484,74.63249518898445,75.83808084518758,40.075118166803065
12.865426961503715,95.53322416952857,76.68177791769556,44.15335945528256
7.042821860993369,73.61129769232852,84.32821709950645,41.83217025050558
11.512139546553533,100.0,77.84240010889248,48.52151161081871
8.409227144882678,78.48264468447316,91.8205206571262,31.466267659197186
7.621381503212968,43.58855861266274,99.87246155335927,47.12661076858548
9.678908920136326,81.30012431656799,79.19946758629958,50.51323354338184
6.894273032741878,75.71737577324167,87.39404500535377,41.759654624789206
8.339052083958453,89.34629131124119,89.99685110302934,49.06687890466044
6.406366322233454,80.09772026904938,89.72002270919275,39.318232047082276
15.894175398749168,67.92316024024339,85.75955267916088,53.954560696334106
10.105790655915186,51.635526455659516,92.42682418359722,48.51536157524045
7.900823476022243,66.86465114070963,89.82248952680658,42.757773626817944
10.641939732202665,57.2421931868605,72.62337577672702,42.135956198431614
9.663015850927511,61.29214825292916,93.69156064389273,42.83389842479067
9.33709120140033,78.82867606630914,93.87290837266742,40.40810290074674
11.842500100130275,95.0485675652711,77.36713895821418,47.85013126647102
12.272523130141916,75.92007294734472,85.37937835447602,46.64779895402937
8.408496557168418,52.06175406947224,91.83328992811069,35.916693891330794
8.27254527806596,76.66904002330212,82.90686180420639,42.625090619689715
9.174844908545069,87.94947229968477,95.72978047766011,49.66122245216442
3.094236505793246,60.85325643520927,100.0,39.3987026941321
5.454426813404343,67.98974249990623,77.14013967365018,38.8134565438915
14.100622802333575,70.22032292093796,71.18955396846225,37.051293739157614
14.93490314050385,58.2265253037664,88.03818595604876,38.95796560695192
9.252891881330864,79.72420650765788,92.21562505126144,40.563911574715235
11.729670889167298,68.18577777088328,82.69133626155231,47.747913776590096
10.933750463630608,76.29298665860541,99.53260663321035,37.73305784683737
19.236642425365712,56.6876173329685,71.61394200276752,46.71534652971154
13.358724734303731,63.438125495148846,91.9291862303161,51.028384248073955
9.6162472255577,80.83572036741657,78.94139179241107,43.33621514657293
7.1333786781987225,64.40750271862349,100.0,29.873254715549916
5.1806610392272825,95.90445776850108,100.0,49.55511504032751
10.61039090760167,64.00545721578096,77.33343412216652,39.65259863652434
7.73094776414709,73.37027088627829,79.5044286409142,36.724449776495305
5.733238871206978,83.98886247809635,93.59587886979801,44.206361983950785
8.06028134727242,48.724514006004526,81.12869350210485,42.524209570175294
6.755355989156815,43.587867820288366,84.54588782067762,36.68785171630915
15.061424905217695,47.11515528144858,85.2538842054241,34.09321530623774
12.644919270848352,88.93876155140774,65.80326843802344,38.17674594047402
9.976082076050147,61.7221278116133,84.86162253905762,38.84191730127173
14.439832416670077,100.0,78.10272225935826,51.773176763454494
10.232104922942854,61.53628602013917,80.06877177600228,42.071688559530216
7.416147396015209,72.76826954795555,99.43632003468814,42.7492350064936
14.569372231808972,93.13164928851813,72.43493105720744,52.268664990710725
11.616730131053977,100.0,93.13205186747977,64.11054563932409
6.888261537020631,100.0,82.21037069668192,53.96371002006801
9.428983965749175,88.12549345889714,82.20239831504166,47.35217714689819
7.373145239845728,85.36093788717193,92.90371896051711,46.959845422911386
5.851600807106992,78.88790423801774,88.4005129456889,42.48890859319724
12.778532642594925,81.67541614249957,90.70612997219531,54.936321720747124
15.728249921410391,61.732214255071995,94.68184660532862,42.183591328536004
5.804297278542577,57.72701674866539,81.68691616816677,36.78375044250418
11.688907710071712,69.94938313883571,78.8776326549225,42.860784837076494
8.048072292634519,67.44723066212607,74.14849473442202,36.57898332778183
8.538623848705912,63.201579260090874,76.74589470021044,31.716636903001802
8.222818227283392,80.44581171185072,100.0,49.860025145285256
7.408027690960552,84.32957812855766,97.44679580736786,48.18722658624423
10.145564883834481,71.32610329437772,71.48925633791978,43.269667044997355
7.507149650766887,92.16295121582893,71.7754204325643,43.08954274444915
10.811370477339516,52.87466328799742,89.81866061718492,45.33592284257121
9.84928567165259,67.09510811080423,90.47264797377967,38.76383595776427
9.283155859400772,59.247665190957925,90.48883835317365,49.073846577711954
7.277309013875207,42.0019507439041,82.45044206446302,23.991145593860132
8.269686008295002,68.7597897123595,83.745457399971,43.685721720634014
12.26617367747727,68.17378737425075,88.27879524159357,46.61813551196569
11.502751562873142,92.70174614863197,85.85893006293331,46.755900298908415
7.067334265604346,79.46217526832166,62.80699627252465,42.05568865710866
10.297996916287678,54.63719763506192,82.70200369424806,44.478151836312826
12.254161370115368,97.81138849501282,76.48593565739687,39.683590168270584
4.991784156635885,88.31550543288029,86.75211418908512,48.85469058345313
11.630080577139806,78.73146555202923,100.0,36.96812585252828
8.01212872316246,66.60273851725252,88.67481665474304,36.89352523008955
11.711796005779478,55.6084114491478,81.86470313827603,47.05719388979401
7.71022253037245,64.4168983589342,94.21801501977252,39.11487360986072
4.585353698006443,86.33122929556279,89.82687887209212,40.288021590045624
5.117372686350512,98.26879458901914,89.20094490451841,48.889825055861266
10.144254839984146,93.14865292408284,91.06850593215671,61.56995617446603
10.779167505164445,62.667258673205886,100.0,35.031350118513856
7.2870501246867745,53.205738500664836,73.69111564674084,29.086920183694282
11.915777376332121,72.11329370366806,89.73632076811454,53.02629936878751
5.015439813193121,43.473409516557226,75.73618870018461,39.98549221928931
9.80176060405805,74.84751571277172,90.55512646342248,44.94900418709362
6.3669514007126295,67.78596120551997,75.81313488513905,32.486627526406906
8.044491676593523,63.00945247197637,80.82633186394915,49.5695654617253
10.142196013949242,46.07945399099807,82.04910085762094,43.27696633454421
7.418759904148143,77.70400159854574,94.7581671934471,49.36694880913838
8.846333367310525,62.009487405071326,94.18454443942414,37.80091004837439
13.018878427643322,52.451247464345684,72.54282623553615,36.50823199604242
8.269324391430555,26.916066800775262,85.5493411099985,28.517550052723404
12.507076336195425,69.58727642424046,77.90420145250827,44.36481790894939
6.610879436027146,96.58377395004617,72.41495089324665,54.01856927233344
11.589412533745849,94.91888821821806,82.8298294957563,55.23342383717661
14.324705861973701,63.14355615120592,81.9151721154418,37.101573814513195
2.585066499618132,60.966819094573296,100.0,46.46506122827874
7.60931423358857,77.03161384112536,89.32959825360696,46.34572161991906
11.73121638154162,55.02421841217563,71.22382499245762,40.052967692209606
9.390863841871022,74.52687849729199,79.35225995829057,50.25665175817424
11.113437620113926,81.49120417577035,95.21383295429399,43.48894540607911
8.188044439852538,88.40399835826462,100.0,50.436093833873336
10.2597693624187,68.4976888528007,69.14016687762042,36.84995195577757
9.532968293823762,66.94489374734552,66.20075614860954,30.250806374010164
13.503346184979423,56.830261198651584,100.0,45.53430134010978
10.763262529903638,57.5967946894021,88.89614177370903,52.997680784436376
11.012807986225607,66.6028166214771,76.31707268123634,31.55027479327444
8.764369101632598,75.51048260224267,90.34629086122435,44.94318444848661
8.53718132778252,83.70376939349875,58.64252260983122,44.310940679280996
8.702325436541138,57.95231573979483,85.0337550659716,39.35899946168425
11.18335642713489,92.39032853439282,88.27821172843085,50.398778856992756
8.73704655753921,65.93314598436147,94.2427013953783,36.50092553592459
10.869324570689239,69.67949058477346,74.86104047707462,42.4746512708924
16.226202395936316,58.79182481278265,85.8568716140336,39.138203079530044
12.613374110295076,33.63639609590587,75.74575373940412,20.597148106907355
9.021929403496477,83.26068094541574,87.55383755674318,52.972897599290256
13.603641766491835,81.0526584563865,76.04653677636976,51.11885487464603
8.775773880935345,65.7800866432268,80.91899160839779,40.56401613937067
3.8856263944664384,71.00486075837308,75.04184605209771,39.3980140761932
6.975741067247788,77.73908826556149,91.51136241823657,50.48345956051746
4.3876242369224325,46.56181214670186,93.58451116656666,36.00095627967551
8.945459547876073,62.06420983980558,82.65379430042586,44.14283935977145
10.055255137568656,81.9139701943274,85.38237994960028,45.19088361263336
15.029311936825849,51.18565865246126,70.51408585366455,43.53308942775395
10.980782121292489,74.40336898249944,82.00323351993212,45.81597708904592
9.342698413573407,49.65127293064893,84.49795382958256,37.436581569927256
12.488216743550467,76.9964497365029,100.0,42.99273784916594
3.366594072976344,69.46537776553775,73.88032974225837,38.733755586109716
10.706843674325699,45.77302276141736,99.64177238752437,34.85390855562068
12.3125955816609,87.47109031685757,94.96858773465809,48.19992880017687
5.564241262660476,58.981126348029264,87.80636404490136,33.96085320313868
13.431262129620787,57.84621344478428,100.0,38.73832043874955
11.015489222483243,73.00853795846415,88.72105472606863,55.7783739590794
8.754136258297596,87.22956024143073,88.89159195667929,54.98094990285589
11.898345598318855,54.762672715324044,84.46879346982455,48.87357081844286
16.81207857341319,70.92519774771958,97.23568882418627,43.016261278081906
10.545598765175486,76.4322475049586,95.96469233810883,47.75168085125155
10.744661758901008,80.39658410894717,78.74322712503788,38.772413411121754
8.621917301379268,72.64662332915837,71.80752805401232,36.98797687425429
7.4504668916056245,64.49458241375017,82.97019362604343,35.07701197805367
12.491007449632736,57.5861466902692,76.99961435602353,45.11919063530965
7.4317485222733985,71.29215824569562,84.36475425384644,39.99532419510587
10.214698711658178,53.9179148202159,97.37438134684139,46.099496739732224
8.56702765970465,26.17974274758089,80.4269834491321,31.2434377918956
11.436939477239175,76.54839706236501,84.57176618688425,57.115535855229886
11.000986315860844,83.55902261629294,85.58022734808395,40.28702429673647
13.112619832773698,34.55601346687242,93.48430882205284,41.91614191979314
8.46995080343576,54.854039429350934,62.53110666015395,38.92961291455758
9.190375194119886,79.28731391507796,78.93299705234703,39.30108699191757
7.063708852653078,100.0,87.11283692279473,55.990088493251285
8.667120219771665,70.31190561513112,97.00078956426862,46.508014522410036
11.131901479134557,59.07995588156298,80.08097552493795,38.16875130925673
12.270965849936056,67.2565533834274,66.23447293958125,35.43966609305251
7.233504027467124,90.62314628722277,91.19711445966136,45.447571534586736
12.608817760316981,60.310537313131974,78.6463761117437,50.37590577537645
14.066913576414853,58.0121199002462,73.1033334090964,39.061173534887985
11.240304709671102,62.758847167269515,78.75654610286776,44.10976573324726
15.630387437674198,55.70007087611931,83.15474642344151,37.20166735802342
7.678632402689281,71.84005473992194,78.95255335461788,37.2825785631366
6.266035890065749,94.3701768770434,62.944339429009304,49.44286294019747
4.663839253287164,74.84618909674043,93.97066196887133,36.83202769168232
14.488132934467549,66.21469746810568,97.74875041278722,44.58215695069657
11.963096969062173,65.62283096626683,91.51521991339506,44.14157881245131
9.833245987268635,46.552137869550144,73.62314329575183,34.16375602284999
10.839905878959462,83.24664665720738,82.98508466052482,46.095497443666126
6.623532858104871,68.83244204480798,84.93478684770542,42.92755531751553
17.33725593885048,67.29280129614061,90.9879438956191,50.5183359164803
10.387663545925683,100.0,91.68340488718081,57.20370047769565
10.328184383814678,74.48129362548529,77.65826201221505,38.1111136386568
12.177299871696075,58.72313424857224,85.8199555641356,39.44880583360284
11.443027695210139,63.60463605691685,89.57280404615241,48.69127978329529
10.671652072837395,87.22668563795132,99.55822322146767,55.88871230996699
7.628576633664064,71.69905615806647,92.04506539824723,36.8687209864961
11.414405071407987,48.4258303252395,92.89056687375519,40.57046450978789
15.6460734894251,83.78843401862805,85.8382662792936,40.23609395928564
14.036260138464932,59.97783871691509,99.10459145203504,45.06707448501585
14.77955987991819,98.09946664326318,89.09762795959497,64.12798060858694
8.466352970706446,86.20072098571973,76.3891208982643,40.63175337437707
7.031185539224257,63.29017156511873,99.0336997012519,38.13776895194022
9.622639239701055,89.2152454260267,91.97903272539028,53.79184870060089
10.167174736866084,71.01783265791104,80.56955978871518,34.788841547501164
13.282574555412847,82.79160512683329,80.20507032600757,44.35600773153273
4.922606110855542,77.27099225941713,87.96575545140762,46.21795751144319
14.588650958381841,57.3046501751369,89.63184795267584,39.24066088382014
9.525976304263033,60.346752515238066,86.97292265631206,39.08174850191049
8.71935679015774,85.44941226371742,88.11308673442885,51.33804797265503
6.963686874219498,64.97837001840189,100.0,45.08308486031313
5.0354299844026915,63.94527305137005,95.71543152234887,42.178475193559144
12.469511751885744,55.673161309759706,86.90635591265024,38.62236405505064
10.219953901565212,76.35398598390192,94.41310580767484,48.74909948383292
6.130117300776838,100.0,74.67476096472461,47.38134744283456
6.1147636838091515,53.9870062861859,88.97927049946809,39.33836587728289
8.992645902129615,70.36329185009137,100.0,43.12065038050233
15.007064575868178,91.18330833123144,82.81954104607627,50.509588124621075
9.221225945909186,68.80537913131427,76.52366071380915,35.60716989235063
5.490571140645681,76.78557694374601,78.4791111140694,41.301742826229344
9.262770807742168,54.0640970777968,74.10366962657612,31.616344134381126
9.181829290756989,76.42460645811472,77.15238091872297,37.37854051574754
1.9093400711752846,67.19283602493176,81.2949190140997,38.66481038516405
9.837115400446564,84.78594993519795,70.94432980821358,45.60690752171369
9.307196409373965,87.81079077347127,85.15618333949602,51.94244077937043
12.088619094440254,100.0,94.02277173786648,52.69323604691793
15.546868284836036,78.69449759820364,75.9224381985308,48.60653529576905
13.379695088643272,74.8869447487325,100.0,51.90991883030971
9.193333928335509,72.91576452366004,90.10792088527595,46.71684953747893
6.6804222737749885,64.70250560783967,95.30580585624057,37.683855576476795
17.72007940974958,75.07725765192536,78.42165446147862,47.814365304104065
10.177655302043465,65.56897884791456,93.54525227066615,45.28927323980263
10.041787875738839,72.52691464404421,74.08066099604687,41.63099286483177
9.92762473866999,89.7639630341194,93.90247500836509,40.241107989388404
10.594254282303565,54.90186152080538,86.71839339793532,39.91381239684787
9.566918764228173,87.09817841693568,90.53251219984784,60.08207054415057
8.279013979359291,89.75672601009798,73.24405394375148,43.915139237674424
8.359423176278824,68.22897209513381,76.04930157723395,36.21787804284974
9.901740189352005,38.17217651487108,90.97228218253385,36.46372228420109
8.369725686598706,60.882670193583515,75.51651995775799,39.11485894525887
7.861462651968507,89.45491819841664,89.63206292099123,54.65729519678956
10.31929068307569,69.65697906551677,71.32862193539754,34.03312266872795
9.235068347737434,55.01046651557634,93.48174212666669,43.47392381674991
14.511978965748066,62.42837618157674,72.67476685231492,43.471566014067356
2.047090574820964,82.60930039756829,90.52299937679523,43.20020259733728
13.274520555767385,78.20100352302069,91.25630933646,50.042259791690356
13.738255577492886,66.41601851245458,78.03228181570425,47.54767711361545
3.7798293027755516,64.49763382277969,90.82026567084726,43.76483483253339
8.971937217758953,64.12362776434267,87.60442263333556,35.52884490448074
8.885677402012625,56.163847232522464,79.61158143807262,41.315100092155
5.7774649158465365,94.23063534204162,74.91445315923792,45.81737066722075
7.666549937227375,65.1651929618299,65.3737430832742,36.821951963895074
6.668272463602514,88.25737781238244,88.49650047299694,47.876634625123856
15.256811330270867,92.81974077883677,69.35197228637945,48.593507412071055
12.807035179442384,84.9746634722194,85.95344199441308,55.04514251580495
13.814665284982476,63.52569530922928,82.36551783917751,42.01955500384947
12.165016192129706,76.05595135504915,91.79142775438196,41.65984841154014
6.612844686348312,69.63706590413626,81.97954500510136,38.62580183558666
8.42643920116068,56.44447208904808,81.70552213652908,38.381139238652956
11.468123683683753,74.86538922582405,92.31870704288295,52.803493939650934
6.333616573324164,52.31440313260296,88.35058029084118,39.54671870935537
12.138995290517164,87.81519082692346,88.16155957182778,45.793690413965955
9.279023805525595,63.03074054052411,89.69267589808527,53.913218827931544
8.875537577351208,73.01739483809259,69.64427876792894,41.59571954857907
12.132879904610474,74.24931807319213,92.56788679986983,53.23176642423192
11.33278993445812,66.11642539443883,91.12468794013603,42.967688005701774
8.91710150254276,78.80040702212912,74.83316871423503,45.732102824284375
13.477989410092745,62.876445150662136,82.55919526325799,46.311109825488636
6.7568100172003085,83.06945946185866,84.6069271237237,51.311601830673766
11.84780682083279,49.81030479629877,83.65503215598267,42.88484280739368
11.779303773905152,71.89569369319618,88.33859966568535,49.48706492841339
9.07136068205803,99.08393498587427,99.31366781831184,52.54816074448313
10.978399066726354,54.995030130916376,95.81766727672829,38.29251181820344
6.246659270844091,59.83382544212723,71.87780806568594,37.11207643281839
12.772081057620703,77.70861774488372,91.22069990306049,52.60840619459292
9.445293590671033,72.69372672909397,98.28933319535409,45.07502794925149
8.431830938442882,75.25945148910338,88.86808520689203,49.893227785902795
13.147027677510668,77.33780695221495,95.90980425185967,56.21990050222264
7.886968928371722,79.52082202842655,100.0,43.21812647734673
5.774616110909321,86.64549762934334,95.23709546106981,43.743772917490226
5.330112479428289,76.14727985392769,87.49308595641729,42.305982092649224
11.818029854036919,66.38113518072187,95.45088474084753,46.45159577035051
6.15871194251115,80.08860551804096,86.44887833096891,41.77287822402639
15.264382545953094,98.49822902342824,85.23903043284956,60.99047946091065
3.754211776348834,68.0104938042614,81.48585764286267,40.69775986561763
15.089369104870116,55.38206042994038,100.0,44.35653792262087
10.633052401607856,86.60621003930459,76.81571334057999,39.481984261368666
9.709860664388822,68.19428254069602,100.0,38.73413601226568
8.365242739573151,37.409956809789456,89.99864123740372,34.81038291161319
11.197408343056212,82.71132515725633,71.00693825198059,33.95051123832694
9.887095892725455,61.97007721069116,88.67649292991422,46.33305674377327
13.309905646049565,68.64200076543759,63.99973492348376,39.25673081549121
10.34268294598612,74.97970495853522,91.25508016831036,62.13173384218936
10.450905284385632,72.857495196686,93.8523148298899,57.39274542025716
8.909163363358433,80.6417772570856,79.07644044347947,43.55515760126321
9.829163128836798,63.46770444145235,86.23547695955583,40.67030327610869
10.923405306676177,77.69658697264124,100.0,53.74858631514061
4.8694948220301235,66.10679983624124,79.94253295738064,46.77115700295375
5.955443733682861,81.08215721331254,74.410924129434,33.9944085695419
12.229792282068145,79.23051226019581,99.81663402462598,40.91549929724458
10.512596314383826,55.96841946933107,100.0,38.93664997021933
9.448049990941962,86.28973174262549,85.03695671847848,50.532023777823646
10.05530179919618,61.96054832328928,95.11463035408356,45.123109419939574
11.042745116085014,82.12086697421718,98.41475915530881,55.18944175628867
8.380720959071915,75.50930970102011,77.57515767461616,36.35969728293868
7.665085823793062,97.57275515192684,80.14694164632132,37.55303847189447
10.587535765293044,66.64801026442221,97.30874513154735,49.03999096479338
7.0648816671549035,64.76024805822703,100.0,38.81953388621939
11.224758267143415,69.708705911684,90.62880860174354,34.55831330548243
4.892249187286479,65.45230325748587,76.20185646497946,38.047505593681805
13.08746691197693,81.99912852913076,100.0,55.10935045582108
11.41779244723913,45.75534087345118,79.69029102188036,34.7632710294246
10.768089202941628,54.194763712804686,81.64862218828549,35.68295622205687
12.948072951836542,53.9829561763121,88.42337834489622,39.55678783706161
14.99642333338773,84.25461387960364,100.0,50.92168201857104
13.04311019505439,95.65920058872888,93.53975976552223,47.18703166754947
4.477377306005064,68.43326172193792,89.1486550036191,37.024994785355574
6.161269099792896,67.46767415214984,89.63288530118106,43.853913380846684
8.125544266912964,71.05078244669772,85.43514668643466,44.07342891163523
10.078273150632501,87.42817453912286,90.58139514518507,50.22416699592422
11.552977061407368,56.089702987141386,59.70439922305697,29.5685368621906
7.822768560539603,73.57553474102178,82.03392540930201,41.4833139737584
10.560300293431235,84.62796444673644,87.4132193491678,37.26585811835584
7.733851202940032,77.51641254909768,73.48985916380494,42.71220451838725
8.165446591024155,72.84372424898115,88.86323317811559,50.85277574489738
5.780016709455333,85.01569138850712,82.95528779013878,37.61511266909703
7.230300261667287,29.451515605011444,100.0,29.5209664457483
5.944946183150999,80.16812979296361,100.0,48.66844592301523
7.072380241068002,60.188864753088644,80.34194430881837,43.92545158036169
13.160925389823518,42.54050654715314,83.49162288433304,33.79981615442357
7.151803333504171,77.66803899287471,84.26052434391607,40.26716658706823
17.897146194512175,90.60487817744436,80.48340523840378,42.38210188608974
11.479953702642668,67.93827228058463,86.95024984028127,44.02869915009351
10.554508371084621,84.29311820804408,77.4171793111241,56.259005710899075
7.424926659456359,94.18417386982968,73.69384665062474,48.09327713062541
12.100929638226974,89.72371680376071,91.22711223900268,51.10160741212367
8.273086521286679,94.59946794057089,91.29529584221811,52.38585436509316
10.366029443936084,81.13191236607838,76.95684240340007,44.85849689272857
17.680253614806382,71.13150458352389,93.95355430762599,44.90521718268491
9.71182030082605,45.97051282154247,78.68422270834668,38.500308116933624
13.447819978857027,66.30906267805076,87.53165238037981,45.25176688447847
7.890470724622338,57.35130107025712,93.20344012612456,39.879379968281505
9.895034528509115,100.0,84.66387435296286,47.00346199845588
15.31240190690653,67.36171281351496,89.54740912141135,52.29173628146382
8.119098826636698,71.84807210176729,79.83570356112428,44.90462548273894
15.437345673990787,78.27228064060701,83.03533416571902,45.04281967548479
12.123255806366426,70.65403669558681,82.9414056911966,48.85524431850826
8.312599672317198,95.4257656064613,77.53421653459762,45.803018633090474
11.897223217166562,60.66025957398322,83.23225836884218,36.8831236919915
12.91766334888019,72.91911182855864,69.51381701136253,38.43881303787876
11.86542988665159,58.86294121452927,80.08846252857896,30.75394704795991
5.2893258403286305,50.19966233168941,82.15124506630329,36.49252253502283
7.818588472525394,60.82346363642072,82.4382024750462,29.4882494305064
9.257444093345486,69.44444804427383,82.58502554129221,35.83684241188452
9.77669971269986,63.5604666322411,84.38235800139871,30.455021400909335
11.862016292652033,59.61368530189216,89.79441518086064,41.34364830911132
10.533103002799761,48.90523804492249,93.74517074132523,37.935554761782306
5.993966923869696,68.75341641056959,78.50234773151733,37.68999686547737
11.14059355301789,47.42919438953497,72.96799144610856,29.179764909238266
11.83175723585147,81.40083945534404,74.57955587756896,39.39087286285954
11.67937134379312,71.23659629401755,80.12797078805073,45.55810803544484
13.242342176663865,48.13672750802604,81.48078682183491,34.60558704656429
12.501766463646712,65.36186384425204,77.30003933802543,42.90124186038477
11.37754023768531,58.71765391614125,72.03883335750106,33.285589534564124
9.789502865624058,74.78761765628771,80.43879172525811,44.32410878860538
5.017117199452025,90.10675669034717,86.81426620113972,53.41982903363843
11.288854657397758,41.872412955313834,90.95029465835565,39.32703914892807
10.623063061489333,71.72539118721126,79.42576946891678,40.652233689609
10.814736511586121,67.5980080665004,80.87002177856566,43.14676988323595
6.1697542725390715,80.07010114675698,75.73301691152689,41.049184989950945
6.756830378775213,73.19794942356533,84.68560829625224,42.314322599181295
13.159458559998711,58.72046002391771,76.51571365809185,37.87095475805052
9.881334538430036,65.21419096500072,90.731278132412,41.82950415577068
12.044502092117874,58.05961214794766,67.14133508065889,37.92886847194589
10.084955128391384,86.14010707897897,81.40370327547538,42.19845684507471
10.089268418487235,70.31967473007913,88.01107339191742,38.66335717170095
12.814851417927994,98.5178602862951,86.83834516322504,46.387740058341485
8.451865815347878,69.0900877927807,100.0,36.951603722989596
10.28836233082295,59.37389849634306,88.49800024567908,34.56953730234781
8.613174133884872,47.294284110807595,74.9594540315799,34.28407564052134
8.696511317703052,42.95290485616083,84.04535752910927,29.579261044062207
9.072483629594082,46.23796085491765,67.23753666533548,34.423209725494914
10.666401314901139,74.00689976517225,84.1940025070324,44.54763983217153
8.563754135009567,77.63087534844901,76.66943942999241,33.0625064908477
13.767268376720562,46.282139469518,94.15390275560162,42.87393450144445
7.316178093341488,83.42557471114173,79.50459725404465,48.640674138780746
9.439385067515923,62.75408422474841,83.83234084204753,35.34307259541772
8.680806825177475,72.20189517978324,78.64442158595597,43.83081399818986
14.3409336530612,94.18330942383136,100.0,51.14296846663402
10.589664329534724,83.45258973798298,81.78757233882088,47.17647543766811
13.095533618405906,65.97204028141252,100.0,40.01688685885188
5.543318880889084,56.63211661877069,93.14151762118266,29.424065687639395
10.801150797607777,37.72276898006042,89.82066727335386,32.767453599427945
12.668892386870311,59.212700211363696,88.68733147317519,41.21707782010512
10.246851967826272,66.83304641758458,88.93797298216252,40.97253603754799
13.196441125196053,55.19230709273224,65.72327420654389,30.380414740613674
8.448134649698883,68.03114549361543,82.21116605849244,39.07614887397687
14.228042320556739,71.15277824438152,93.45157971184321,48.49664433886514
16.89669437085775,66.62716027287883,84.51102816525895,45.11423574973162
8.911484318681023,60.249961287648105,70.94810153196426,37.63285600502387
8.663492435797684,72.52982007950092,84.4759554942253,39.63530733832302
14.360153431353103,76.62910974354114,100.0,56.02739921231969
14.738716437192137,53.64401383835731,97.4689171553472,37.075479118398796
8.431419918540195,91.16398569619405,84.37995990633968,50.878699134829844
8.73943954871243,68.52117801573607,94.51449277058086,49.73842719799302
9.154646173418477,70.28274434417271,81.33492979631949,44.333672812969425
5.966648466897169,80.62321634884836,67.96128413173281,39.749924829125504
7.244044160547405,73.49824196895253,75.75534011870445,38.181077461385456
6.987577699743796,84.29704950869868,100.0,53.963341957712785
7.696607304687615,74.30686247802737,82.26006918170695,35.477501605785044
9.895945337839656,60.81343938039343,82.56616020624982,34.854615222389604
10.702644197609562,75.42255287809152,82.00161803725119,42.39062274222387
14.651501478442231,52.844106890190076,100.0,49.36725159383813
7.004937877783627,71.62839558664784,100.0,46.889825795090644
12.952967195429752,69.5015501403331,100.0,42.48671984726357
9.358033467323473,66.87824714091191,83.40954789599948,39.87286192821069
9.851608871042702,68.07193732841604,87.95624488747094,39.867018891058876
12.024458476499811,41.77226431753542,69.83357450579209,28.961678473501276
6.631833935313104,61.76912638388558,99.76934426118274,46.69497152784267
11.147229238552152,71.39267351711672,73.32220448732065,34.797141925557696
10.499356624639168,72.39784587996101,87.16775563762629,52.44648748250501
11.477353792024447,54.58487288611063,74.02697472367156,41.06068215750283
10.867505931723453,88.98561761297051,79.11133173261304,53.40601294929398
17.365900419732682,57.007377276782485,76.627375689503,38.795940970675396
8.086780047246052,84.54185800790106,78.92124739324183,44.440493309246165
8.407009134994547,76.40791542807527,79.60877296851021,35.88187471699834
8.130578420725707,60.30659035234295,79.51731205074923,35.43741669088157
8.333568642519236,96.62966338914268,93.33333911780306,54.29062539977879
8.087838618080447,52.095447523652794,73.9513720693748,40.943143288918
13.567049593322656,83.78731260415002,87.20541427013868,43.825017347921815
14.261512743969565,85.00873477064468,97.17959152305559,50.24176542286298
8.287761118751572,59.94069686385033,79.86803635486604,37.34320078834148
7.502933280687314,90.88697950096493,77.82081109252398,39.60277669817551
11.414246669159212,66.2493022810157,82.69475374819748,45.077610977315814
8.343330867157086,74.33040443919785,96.7972520836071,42.21028552334627
11.898795453266532,73.90482758156831,86.94107630953357,44.532109507125355
10.608769062553899,67.98536887794178,79.68785705392402,39.377819745884906
5.452767655008304,82.16212409739673,89.8387665118804,41.396081830500876
14.642515603990185,81.9023308082832,73.97707850163576,46.65214781740443
15.387633019286564,43.772020401427284,91.81359510442948,38.11009375811725
8.161633928546841,89.56510364317229,89.08607307701767,46.908273261235315
8.836895320192047,45.062620179464886,81.92191528861116,30.679308663256002
10.857596172174715,85.48819306512486,76.61414201552769,47.99570776264513
11.003370369961075,86.90057705241375,76.13319077716542,55.06658279859917
11.975632818018491,53.63550354677203,90.3481733634591,40.84753830992831
16.03061361629905,63.83778568068123,97.28980502489063,51.60519459188767
9.469158317517852,53.41442997271096,78.62692252971205,29.533183030747313
7.605108266384638,66.77618454566897,89.58386703551484,42.540990100464825
5.862042315956418,65.37948573721388,64.12972981397931,29.883971247082897
7.807209880174243,81.6949079840401,79.153822693428,36.85821723632524
9.90061908137861,89.65463119179412,84.68941067129099,45.08772399519056
15.383673590553363,90.93525716184934,75.90316583018166,56.11254378193568
8.447166102891487,61.567479601325466,75.63493625210404,42.570893325612424
10.671363854916695,66.86167189383208,78.32220443531114,42.273647992942195
9.950731311781745,44.74842711668575,87.92192728326373,28.320776448099693
13.565179820344252,57.911949002557165,83.12670981593625,39.80011331718684
17.580797277620867,84.47277449646187,62.61768766675028,48.164268565607735
8.407393681239038,94.23374235322348,63.792998473649334,46.11010038920942
8.531681672445334,51.48476692180117,78.93134822142825,26.278572639644935
13.132482631207216,61.11303611270659,89.57686586053552,38.36393608142333
12.045674468878934,69.60391364561609,57.52495157274765,38.08861282193025
15.5401219772081,74.2024173822941,80.00269823848369,48.71278039857497
11.751784555977892,57.85594720117531,79.7375214348258,28.199541619806965
8.922123727638821,76.36091566696135,98.88337778208448,46.33539224292542
11.771964492076927,62.89240979393626,81.14978188287137,41.698905410188374
13.326110741748723,69.78321593682581,88.82988984740929,49.61205806398503
12.461446543592093,78.19426372005549,86.41257140087463,50.4358045891748
11.521822093321893,70.09633404716406,63.694335201928,42.4415348952398
13.200024068767462,63.45421164210147,92.68207216631737,40.172987426767975
13.507886771337018,68.35585294111253,87.15396505456287,35.151481593298314
14.14647697311258,68.67455561191997,90.0826863967459,43.72687866417446
11.946129662768929,64.44983455176808,100.0,50.316174322957686
9.498645759049436,66.11805905999347,64.15887060501412,44.38378735614774
10.440141059299968,93.97970755757075,100.0,56.96672830841013
13.61952689952507,78.41379171911858,82.12552480599645,48.90571004070607
7.549192987038292,65.56779522956259,87.87328904403009,42.91779111312376
11.106019926618703,80.45431606766104,84.54487754698758,43.81768655920127
8.819983563017917,64.99270765365985,80.75763666601956,39.409029943042725
10.086234468804452,87.59686956379961,79.30167071761241,55.527859876196246
13.835355587821896,75.54463288297141,88.29508735573009,42.52729510098901
10.57329720405971,68.39046783993656,69.8282630332832,47.84333551421672
10.139309644468446,76.71575388715416,92.50579167521765,44.97539855096371
5.920431577060242,46.43685771897251,80.83805595114745,39.68604483992675
12.238760698081663,53.09848796635292,73.69930660959642,29.7547130133783
11.936452543423226,52.091124904014166,80.49987142004187,40.62505903274749
16.48976416991638,72.1441464214556,97.57149216862572,45.718573765381905
9.076665295140998,95.98772499227638,79.64664912983777,42.18764401160003
10.657450982991817,100.0,88.5845361820962,54.138302939969876
10.748151051132266,79.57076652161136,77.69043724284526,49.83075187359844
14.732359839290423,77.51266712416685,92.57921849923619,44.91111656377503
9.714113402839144,42.984133987708915,91.85507738790204,28.628232573020654
10.837064577311018,61.859893003989676,100.0,43.51727636817764
11.823689529149618,58.183243721376414,83.24436054500785,39.57851334610339
10.559827369469074,60.68728602623326,91.68654804757907,44.56500723989282
8.660699156348414,67.47784272122816,85.98067539538944,46.517810330442984
10.582269978694923,62.91864133454309,97.95871781863015,43.46139504707394
13.220895249579316,40.310502844363185,77.81167612391269,43.54345027685247
6.920454101766819,81.218653841763,92.45005312877281,47.43700755184333
10.398909022440629,53.9088546139029,83.05302703883318,36.250583773123324
7.89963755518248,73.58870296166724,84.35811822891502,34.84021651636027
13.585139886774527,100.0,85.91752484448372,52.66277731070317
5.430439285648676,56.20923112620365,87.52240396426677,35.4005350464831
8.323234458185235,32.04568715880505,83.83770956878041,35.34438927189757
11.131635625193562,65.70993667179833,87.14713183170527,45.02064330081161
14.696572087703021,86.51439452497857,100.0,47.405758793181995
9.802749216781036,99.37521181330891,94.85449685615218,54.54610945566881
8.334401419920404,51.55675608321375,93.69154592496896,41.73019257856338
15.64347120832177,77.45048834854782,80.44460473976129,54.78595985361665
5.655958298751268,63.0203431482992,76.10759171771676,41.393120274479045
3.403582130139754,68.41077468543797,94.55300558237752,44.93985785873416
11.320043350159997,100.0,93.76046792529795,54.7125452332154
8.493837326942167,47.4554450740727,99.72670675750982,40.37045356431211
6.93630154860786,73.8060949224186,78.9601937403077,47.64954250262184
12.12506934189806,77.01539757648149,82.70451344639653,39.04416964577454
10.731402141313596,86.2867948740902,68.60515837474566,43.22557457174821
8.307764107789815,71.46974730206342,81.07528893939127,37.94702028861098
6.159086803987317,74.62075809256153,94.96570510579447,46.35467744455163
12.617371984840434,64.12527148867314,80.33504620771802,47.7643875588197
11.950603533875983,74.0369041186766,91.40479795200824,43.48246115933725
9.702472408661851,64.85211586753884,83.09496894002189,28.97434291524976
15.539910988142998,79.32357834784077,88.2405702822156,47.1540393297445
6.789745701021542,64.45584495934548,73.52308610184332,42.003612218770115
5.423424487225784,75.6565059085328,85.852094496339,45.26723243018993
7.924275790356267,69.56105779472533,55.08864029099277,37.98911453084717
9.863241950933507,86.89075376158252,83.13103841838016,46.225088278245146
10.730018347968075,69.22909414617271,68.6952675628486,33.47763724930664
9.27629182643101,43.40451297689678,97.05994516546816,39.647960447500516
11.05616618954289,88.92882251070988,92.77407352764511,46.590135503340306
6.245381727428668,56.414015487060716,89.66670981966081,48.90072114066699
14.331293812219778,60.1935049202677,100.0,48.076234423962774
9.753546464822293,61.065080589347616,75.51083479175162,35.395222854796
13.351887494764384,90.61657139756227,100.0,50.80398892970773
11.028176039133113,37.96488679031957,94.32191564260384,35.303216152115255
11.370259657461352,100.0,82.63444712781055,51.01450964418404
11.709301840696611,85.84085213599077,96.35620147182944,56.4623157331612
11.343125680051944,73.3485837119374,73.93706487588366,43.39563177750416
11.928168279602632,69.1765899907557,76.75485838472326,38.409874119430036
13.987457590397295,74.28331112286486,78.914102767603,54.51374611135762
10.58956350910441,77.81683642569007,79.71022291935985,44.82841892373231
12.127011272765536,79.67823378925085,74.43442357239748,48.698058867482004
9.73079291713832,78.33406699005172,97.23083067095325,44.77065015255153
14.320351646348419,71.34371021882873,82.41145599630168,46.861158226805784
7.970823093822191,67.03992369539012,88.5250496835688,43.35794854795786
15.402821298732448,67.73090074519732,79.2964863358632,34.4317316796173
9.87952614806697,67.07637579470979,66.79396699451483,48.497844763652594
5.707674693645855,87.00655145300597,87.70057358391422,52.9491398041203
10.384313244732368,78.90335083421293,65.87745024580224,40.05267534106057
7.9568450275753575,25.894170480035797,84.31365953914532,23.098056863348205
12.521930646966172,79.83851164794642,71.3168496116719,46.21369680921916
8.042128062092827,72.92104292078162,100.0,46.330865404352885
8.66144970035566,69.71936865331153,94.11362722174722,45.84760563333688
4.331377807163407,64.17222320366672,86.0575379127148,39.586750428195124
8.64308104225277,86.86169079979021,97.63706677654669,52.43866606290241
2.7283620201131296,84.21289693184286,76.53684022534264,49.171946631636985
5.24829152954283,58.40683498264586,90.43479378670094,41.07367104254859
12.281243968432893,76.10578430686803,86.99810433718713,41.123700649164576
12.357400475952497,55.42514898188071,87.6402008133367,47.14709935877006
11.276372685354895,49.305727528166045,97.72353500106767,48.177684418782235
7.099071570612361,60.59924163115052,92.32492102779803,55.95457615277137
9.85686593157406,82.93590208574138,87.88723662825024,41.7691807509615
9.989192382728294,84.2968756806413,68.45112563771704,45.18829408885132
6.524905932422372,77.6962813014594,75.39953704720537,31.240751250145145
14.510194905301452,80.87643680271995,83.77291066404275,51.03835640817131
12.632086871727015,77.74267430672438,85.93372374276652,44.08458898560026
9.337107478511008,60.37777607165572,73.69796275326075,47.13870808552914
10.080657516983592,76.47883817010911,100.0,44.11090535943162
10.625148423842658,82.00614287841523,100.0,41.46850188560959
3.874795394727128,81.31436994720362,91.02118320392483,42.179626618797016
9.258467852438208,87.83370057211964,85.72036861283745,38.2459789643368
7.9540472560066044,80.62455770801596,82.87791030098849,48.49547027314234
6.995139970315254,75.27172311312374,75.48081539977764,30.849834767768677
9.156699121342136,86.05225357474642,85.77480518518863,47.691274576048514
15.393059580548567,69.6021811112641,87.57752540142751,35.70363010465803
11.922528583801029,56.771880231584234,72.58239424518376,35.907818187729326
8.28646303065161,67.55399554084354,88.34176417244898,50.294673791091334
11.717748344068475,58.82646032790326,83.44740951175251,41.999533629934696
